{
  "circular": [
    0.26136054856628255,
    0.2431693377924063,
    0.2355368952678513
  ],
  "M=1": [
    0.2788776932805331,
    0.25622806934055786,
    0.25739391687455615
  ],
  "M=10": [
    0.27623052870835474,
    0.22107192806484033,
    0.25750710238306096
  ],
  "M=50": [
    0.2556940844960036,
    0.22981235551938534,
    0.2722072877862754
  ],
  "placebo": [
    0.2528773809153969,
    0.26795620381377017,
    0.21218748400928847
  ]
}