{
  "circular (M=inf)": 0.2079,
  "M=10": 0.2762,
  "M=1": 0.2788776932805331,
  "M=5": 0.23505718309526286,
  "M=50": 0.2556940844960036,
  "placebo (patrón permutado)": 0.2528773809153969,
  "M=10 (restaurado)": 0.27623052870835474
}